file,production_order,product,order_lines,positive_lines,zero_lines,total_pieces,shipper_first_line,receiver_first_line,status,warnings
Bulk planning - Blouson Militaire v1- PELINTEX AH25.pdf,,Le Blouson Militaire V1,6,0,6,0,PELINTEX BULGARIA LTD,SAS DAT / SYMPL,OK,All detected order lines have zero/to-be-confirmed quantities. Packing/label exports will contain no cartons until quantities are edited.
Bulk planning - Manteau droit v2 ( women ) PELINTEX- AH25.pdf,,Le Manteau Droit V2,4,0,4,0,PELINTEX,SAS DAT / SYMPL,OK,All detected order lines have zero/to-be-confirmed quantities. Packing/label exports will contain no cartons until quantities are edited.
Bulk planning - PELINTEX - Gilet Woolpure sans manches V1.pdf,,Le Gilet Woolpure Sans Manches V1,20,0,20,0,PELINTEX BULGARIA LTD,LOGTEX,OK,All detected order lines have zero/to-be-confirmed quantities. Packing/label exports will contain no cartons until quantities are edited.
Bulk planning - PELINTEX - La Veste Woolpure Boutonnée V1 MEN.pdf,,La Veste Woolpure Boutonnée V1 MEN,18,0,18,0,PELINTEX BULGARIA LTD,LOGTEX ZI du Cormier 5 150 rue Pierre-Gilles de Gennes,OK,PDF address block used fallback extraction/defaults. Please check shipper/destination once.; All detected order lines have zero/to-be-confirmed quantities. Packing/label exports will contain no cartons until quantities are edited.
Bulk planning - PELINTEX - La Veste Woolpure Boutonnée V1 WOMEN.pdf,,La Veste Woolpure Boutonnée V1 WOMEN,18,0,18,0,PELINTEX BULGARIA LTD,LOGTEX ZI du Cormier 5 150 rue Pierre-Gilles de Gennes,OK,PDF address block used fallback extraction/defaults. Please check shipper/destination once.; All detected order lines have zero/to-be-confirmed quantities. Packing/label exports will contain no cartons until quantities are edited.
Bulk planning - PELINTEX - Le Manteau Balmacaan V1 MAN.pdf,OF-2218,Le Manteau Balmacaan V1 MEN,4,0,4,0,PELINTEX BULGARIA LTD,LOGTEX,OK,All detected order lines have zero/to-be-confirmed quantities. Packing/label exports will contain no cartons until quantities are edited.
Bulk planning - PELINTEX - Le Manteau Long Croisé en Laine et Cachemire V1 MAN.pdf,OF-2214,Le Manteau Long Croisé en Laine et Cachemire V1,4,0,4,0,PELINTEX BULGARIA LTD,LOGTEX,OK,All detected order lines have zero/to-be-confirmed quantities. Packing/label exports will contain no cartons until quantities are edited.
Bulk planning - Parka Ventile PELINTEX v2 ( Women ) - AH25.pdf,,La Parka Ventile V2- Women,4,0,4,0,PELINTEX,SAS DAT / SYMPL,OK,All detected order lines have zero/to-be-confirmed quantities. Packing/label exports will contain no cartons until quantities are edited.
Bulk planning - Parka Ventile v3 ( Men ) - PELINTEX - AH25.pdf,,La Parka Ventile V3 - Men,6,0,6,0,PELINTEX,SAS DAT / SYMPL,OK,All detected order lines have zero/to-be-confirmed quantities. Packing/label exports will contain no cartons until quantities are edited.
Bulk planning - Parka d'Hiver v2 Women - PELINTEX AH25.pdf,,La Parka d'Hiver V2,4,0,4,0,PELINTEX BULGARIA LTD,SAS DAT / SYMPL,OK,All detected order lines have zero/to-be-confirmed quantities. Packing/label exports will contain no cartons until quantities are edited.
Bulk planning - Parka d'hiver v6 men - PELINTEX AH25.pdf,,La Parka d'Hiver V6,9,0,9,0,PELINTEX BULGARIA LTD,SAS DAT / SYMPL,OK,All detected order lines have zero/to-be-confirmed quantities. Packing/label exports will contain no cartons until quantities are edited.
Bulk planning - Veste moleskine v2 - PELINTEX AH25 - up date 2_07.pdf,,La Veste Moleskine V2,6,0,6,0,PELINTEX,SAS DAT / SYMPL,OK,All detected order lines have zero/to-be-confirmed quantities. Packing/label exports will contain no cartons until quantities are edited.
Bulk planning- PELINTEX - La Parka Woolpure V1 MAN.pdf,OF-2217,La Parka Woolpure V1,12,0,12,0,PELINTEX,LOGTEX,OK,All detected order lines have zero/to-be-confirmed quantities. Packing/label exports will contain no cartons until quantities are edited.
Bulk planning- PELINTEX - La Parka Woolpure V1 WOMAN.pdf,OF-2216,La Parka Woolpure V1 WOMAN,12,0,12,0,PELINTEX,LOGTEX,OK,All detected order lines have zero/to-be-confirmed quantities. Packing/label exports will contain no cartons until quantities are edited.
OF-1185 PELINTEX M65 v2 POP UP NOEL.pdf,OF-1185,La Veste M65 V2,2,2,0,312,PELINTEX BULGARIA LTD,SAS DAT / SYMPL,OK,
OF-1355 PELINTEX Blouson d'Hiver B10 v1.pdf,OF-1355,Le Blouson d'Hiver V1,6,6,0,404,PELINTEX,SAS DAT / SYMPL,OK,
OF-1361 PELINTEX  Parka d'hiver v1 POP UP NOEL.pdf,OF-1361,La Parka d'Hiver V1,6,6,0,452,PELINTEX BULGARIA LTD,SAS DAT / SYMPL,OK,
OF-1362 PELINTEX Parka d'hiver LAINE .pdf,OF-1362,La Parka d'Hiver V4,4,2,2,170,PELINTEX,SAS DAT / SYMPL,OK,2 detected order line(s) have zero quantity and will not create cartons unless edited.
OF-1362 PELINTEX Parka d'hiver LAINE b2.pdf,OF-1362,La Parka d'Hiver V4,3,3,0,505,PELINTEX,SAS DAT / SYMPL,OK,
OF-1362 PELINTEX Parka d'hiver MOLESKINE b2-UP DATE 1611.pdf,OF-1362,La Parka d'Hiver V4,11,11,0,823,PELINTEX,SAS DAT / SYMPL,OK,
OF-1362 PELINTEX Parka d'hiver MOLESKINE.pdf,OF-1362,La Parka d'Hiver V4,16,8,8,405,PELINTEX,SAS DAT / SYMPL,OK,8 detected order line(s) have zero quantity and will not create cartons unless edited.
OF-1401 PELINTEX Veste Heritage v2 POP UP .pdf,OF-1401,La Veste Héritage V2,11,10,1,36,PELINTEX,SAS DAT / SYMPL,OK,1 detected order line(s) have zero quantity and will not create cartons unless edited.
OF-1539 PELINTEX - Parka d'hiver v4 - POP UP Septembre 24.pdf,OF-1539,La Parka d'Hiver V4,5,2,3,504,PELINTEX,SAS DAT / SYMPL,OK,3 detected order line(s) have zero quantity and will not create cartons unless edited.
OF-1573 PELINTEX- La Parka d'Hiver v1 .pdf,OF-1573,La Parka d'Hiver V1,6,6,0,914,PELINTEX,SAS DAT / SYMPL,OK,
OF-1574 PELINTEX- Bel imper v1 F -AH24 - up date price.pdf,OF-1574,Le Bel Imper V1,9,6,3,17,PELINTEX,SAS DAT / SYMPL,OK,3 detected order line(s) have zero quantity and will not create cartons unless edited.
OF-1575 PELINTEX- Veste en Moleskine v1 -AH24 update price.pdf,OF-1575,La Veste Moleskine V1,9,8,1,551,PELINTEX,SAS DAT / SYMPL,OK,1 detected order line(s) have zero quantity and will not create cartons unless edited.
OF-1576 PELINTEX- Le Caban v1 -b0 b1.pdf,OF-1576,Le Caban V1,4,4,0,13,PELINTEX,SAS DAT / SYMPL,OK,
OF-1577 PELINTEX - Parka d'Hiver v5 Laine & Moleskine.pdf,OF-1577,La Parka d'Hiver V5,8,8,0,925,PELINTEX,SAS DAT / SYMPL,OK,
OF-1610 PELINTEX- Manteau Long v7 AH24.pdf,OF-1610,Le Manteau Long V7,6,6,0,660,PELINTEX,SAS DAT / SYMPL,OK,
OF-1611 PELINTEX - Le Trench en laine v2 ( ex Manteau long v2).pdf,OF-1611,Le Trench en Laine V2,4,4,0,144,PELINTEX,SAS DAT / SYMPL,OK,
OF-1806 PELINTEX - Parka d'hiver v5 Men - BATCH RETAIL 100 & STOCK 101.pdf,OF-1806,La Parka d'Hiver V5,8,4,4,522,PELINTEX,SAS DAT / SYMPL,OK,4 detected order line(s) have zero quantity and will not create cartons unless edited.
OF-1812 PELINTEX - Parka d'hiver v1 - BATCH RETAIL 100 & STOCK 101.pdf,OF-1812,La Parka d'Hiver V1,6,4,2,236,PELINTEX,SAS DAT / SYMPL,OK,2 detected order line(s) have zero quantity and will not create cartons unless edited.
OF-1855 PELINTEX - Veste moleskine v2 - B0+B1+B100 final UP DATE 409.pdf,OF-1855,La Veste Moleskine V2,6,5,1,529,PELINTEX,SAS DAT / SYMPL,OK,1 detected order line(s) have zero quantity and will not create cartons unless edited.
OF-1856 PELINTEX - Parka d'Hiver v2 - B0 B1.pdf,OF-1856,La Parka d'Hiver V2,4,4,0,568,PELINTEX,SAS DAT / SYMPL,OK,
OF-1857 PELINTEX - Parka d'hiver v6- B0 +B1 +B2.pdf,OF-1857,La Parka d'Hiver V6,7,7,0,847,PELINTEX,SAS DAT / SYMPL,OK,
OF-1858 PELINTEX - Blouson N1 v1 - batch 0 + 1.pdf,OF-1858,Le Blouson N1 V1,4,4,0,708,PELINTEX,LOGTEX,OK,
OF-1886 PELINTEX- Manteau droit v2 - B0 B1 B100.pdf,OF-1886,Le Manteau Droit V2,6,4,2,192,PELINTEX,SAS DAT / SYMPL,OK,2 detected order line(s) have zero quantity and will not create cartons unless edited.
OF-1947 PELINTEX - Parka Ventile v3 ( men ) - B0 + B1 + B100 + B101.pdf,OF-1947,La Parka Ventile V3,12,10,2,515,PELINTEX,LOGTEX,OK,2 detected order line(s) have zero quantity and will not create cartons unless edited.
OF-1948 PELINTEX - Parka Ventile v2 Femme - B0 + B1 + B100 + B101.pdf,OF-1948,La Parka Ventile V2,8,8,0,344,PELINTEX,LOGTEX,OK,
OF-2219 - PELINTEX - Le Manteau Long Croisé V1 - planning resa.pdf,OF-2219,Le Manteau Long Croisé V1,4,0,4,0,PELINTEX,LOGTEX,OK,All detected order lines have zero/to-be-confirmed quantities. Packing/label exports will contain no cartons until quantities are edited.
Planning de production - Le Blouson B10 V6 PELINTEX.pdf,OF-2188,Le Blouson B10 V6,9,0,9,0,PELINTEX,LOGTEX,OK,All detected order lines have zero/to-be-confirmed quantities. Packing/label exports will contain no cartons until quantities are edited.
_OF-1578 PELINTEX- Blouson B10 v4 - b0 b1 new.pdf,,Le Blouson B10 V4,6,6,0,800,PELINTEX,SAS DAT / SYMPL,OK,
_OF-2189 - PELINTEX - Le Manteau Court en Laine V1 - template (1).pdf,OF-2189,Le Manteau Court en Laine V1,4,0,4,0,PELINTEX,LOGTEX,OK,All detected order lines have zero/to-be-confirmed quantities. Packing/label exports will contain no cartons until quantities are edited.
