file,production_order,product,order_lines,positive_lines,zero_lines,missing_size_breakdown_lines,total_pieces,shipper_first_line,receiver_first_line,status,warnings
SS21/GABARDINE JACKET/Order Pelintex - Veste gabardine V1 update.pdf,,Veste gabardine V1,2,0,2,2,0,PELINTEX,SAS DAT Sympl.,OK,All detected order lines have zero/to-be-confirmed quantities. Packing/label exports will contain no cartons until quantities are edited.
SS21/GABARDINE JACKET/Order Pelintex - Veste gabardine V1.pdf,,Veste gabardine V1,2,2,0,2,2100,PELINTEX,SAS DAT Sympl.,OK,2 positive order line(s) only have color totals in the PDF. Open the edit popup and fill size quantities before exporting real carton labels.
SS21/GABARDINE JACKET/Order Pelintex - Veste gabardine v1 final.pdf,,Veste en gabardine v1,4,4,0,0,753,PELINTEX,SAS DAT Sympl.,OK,
SS21/VARSITY JACKET/Order Pelintex - Blouson varsity v1.pdf,,Varsity v1,4,4,0,0,466,PELINTEX,SAS DAT Sympl.,OK,
SS21/VARSITY JACKET/Order Pelintex - Varsity v1.pdf,,Varsity v1,2,2,0,2,800,PELINTEX,SAS DAT Sympl.,OK,2 positive order line(s) only have color totals in the PDF. Open the edit popup and fill size quantities before exporting real carton labels.
SS21/VARSITY JACKET/Order Pelintex Varsity V2.pdf,,Varsity V2,4,4,0,0,212,PELINTEX,"SYMPL SAS DAT, Rizlen Essamihri",OK,
SS22/4 season/COMMANDE BATCH 0 + 1 VESTE INDISPENSABLE V1 _ PELINTEX.pdf,,La Veste Indispensable V1,17,12,5,1,1010,PELINTEX,SAS DAT / SYMPL,OK,5 detected order line(s) have zero quantity and will not create cartons unless edited.
SS22/4 season/COMMANDE BATCH 2 VESTE INDISPENSABLE V1 - PELINTEX.pdf,,La Veste Indispensable V1,17,17,0,1,1676,PELINTEX,SAS DAT / SYMPL,OK,1 positive order line(s) only have color totals in the PDF. Open the edit popup and fill size quantities before exporting real carton labels.
SS24/OF-1517 -PELINTEX - Le Bel Imper v6 PE24 UP DATE .pdf,OF-1517,Le Bel Imper V6,6,6,0,0,998,PELINTEX,SAS DAT / SYMPL,OK,
SS25/OF-1761 PELINTEX- Slack pant v1 PE25.pdf,OF-1761,Le Pantalon Slack / Élégant V1,12,8,4,0,116,PELINTEX BULGARIA LTD,SAS DAT / SYMPL,OK,4 detected order line(s) have zero quantity and will not create cartons unless edited.
SS25/OF-1762 PELINTEX - Slack Jacket v1 PE25.pdf,OF-1762,La Slack Jacket V1,12,9,3,0,728,PELINTEX BULGARIA LTD,SAS DAT / SYMPL,OK,3 detected order line(s) have zero quantity and will not create cartons unless edited.
SS25/OF-1763 PELINTEX - Le Bel Imper v7 PE25.pdf,OF-1763,Le Bel Imper V7,6,6,0,0,594,PELINTEX,SAS DAT / SYMPL,OK,
SS25/OF-1764 PELINTEX - Parka Ventile v2 ( Men ).pdf,OF-1764,La Parka Ventile V2,6,6,0,0,669,PELINTEX,SAS DAT / SYMPL,OK,
SS25/OF-1765 PELINTEX - Parka Ventile _ Legère v1 women.pdf,OF-1765,La Parka Ventile V1,6,5,1,0,400,PELINTEX,SAS DAT / SYMPL,OK,1 detected order line(s) have zero quantity and will not create cartons unless edited.
SS25/OF-1938 PELINTEX - Bel Imper v7 - BATCH STOCK 100.pdf,OF-1938,Le Bel Imper V7,3,1,2,0,116,PELINTEX,SAS DAT / SYMPL,OK,2 detected order line(s) have zero quantity and will not create cartons unless edited.
SS26/OF-2042 - PELINTEX - Le Blouson Ventile® V1.pdf,OF-2042,Le Blouson Ventile® V1,4,4,0,0,688,PELINTEX,LOGTEX,OK,
SS26/OF-2085 - PELINTEX - Le Pantalon 7_7 X MensWearPlease V2.pdf,OF-2085,Le Pantalon 7/7 X MensWearPlease V2 HOMME,9,8,1,0,105,PELINTEX,LOGTEX,OK,1 detected order line(s) have zero quantity and will not create cartons unless edited.
SS26/OF-2091 - PELINTEX - La Veste 7_7 X MensWearPlease V2.pdf,OF-2091,La Veste 7/7 X MensWearPlease V2 HOMME,9,8,1,0,780,PELINTEX,LOGTEX,OK,1 detected order line(s) have zero quantity and will not create cartons unless edited.
SS26/OF-2093 - PELINTEX - Le Trench V1.pdf,OF-2093,Le Trench V1 FEMME,4,4,0,0,255,PELINTEX,LOGTEX,OK,
SS26/OF-2209 - PELINTEX - Le Blouson Ventile® V2 - B0+B1.pdf,OF-2209,Le Blouson Ventile® V2,4,4,0,0,901,PELINTEX,LOGTEX,OK,
SS26/Planning - Blouson coupe vent Harrington v1 -PELINTEX - PE26 - UPDATE.pdf,,Le Blouson Coupe Vent Harrington V1,7,1,6,1,550,PELINTEX,LOGTEX,OK,6 detected order line(s) have zero quantity and will not create cartons unless edited.; 1 positive order line(s) only have color totals in the PDF. Open the edit popup and fill size quantities before exporting real carton labels.
SS26/Planning de production BEL IMPER V8.pdf,,Le Bel Imper V8,10,1,9,1,450,PELINTEX,LOGTEX,OK,9 detected order line(s) have zero quantity and will not create cartons unless edited.; 1 positive order line(s) only have color totals in the PDF. Open the edit popup and fill size quantities before exporting real carton labels.
SS26/Planning de production Pantalon Slack V2.pdf,,Le Pantalon Slack / Élégant V2,6,0,6,0,0,PELINTEX,LOGTEX,OK,All detected order lines have zero/to-be-confirmed quantities. Packing/label exports will contain no cartons until quantities are edited.
SS26/Planning de production Slack jacket V2.pdf,,La Slack Jacket V2,6,0,6,0,0,PELINTEX,LOGTEX,OK,All detected order lines have zero/to-be-confirmed quantities. Packing/label exports will contain no cartons until quantities are edited.
SS26/Planning de production TRENCH V1.pdf,,Le Trench V1,4,0,4,0,0,PELINTEX,LOGTEX,OK,All detected order lines have zero/to-be-confirmed quantities. Packing/label exports will contain no cartons until quantities are edited.
W21/M65/Order Pelintex - Veste M65 v1.pdf,,Veste M65 v1,9,9,0,0,1640,PELINTEX,SAS DAT Sympl.,OK,
W21/Moleskine/Order Pelintex - Veste de travail moleskine v1.pdf,,Veste de travail moleskine v1,6,6,0,0,1194,PELINTEX,SAS DAT Sympl.,OK,
W21/Parka/Order Pelintex - Parka v2 batch 1 +2.pdf,,Parka v2,9,9,0,0,1227,PELINTEX,SAS DAT Sympl.,OK,
W21/Parka/Order Pelintex - Parka v2 batch 1.pdf,,Parka v2,6,6,0,0,1141,PELINTEX,SAS DAT Sympl.,OK,
W21/Parka/Order Pelintex - Parka v2 final.pdf,,Parka v2,12,12,0,0,2540,PELINTEX,SAS DAT Sympl.,OK,
W22/COMMANDE BATCH 2  VESTE M65 V2 - PELINTEX.pdf,,La Veste M65 V2,13,13,0,1,2006,PELINTEX,SAS DAT / SYMPL,OK,1 positive order line(s) only have color totals in the PDF. Open the edit popup and fill size quantities before exporting real carton labels.
W22/OF BATCH 0 ET 1 PARKA D'HIVER V3 - PELINTEX.pdf,,La Parka d'Hiver V3,25,12,13,1,1856,PELINTEX BULGARIA LTD,28092,OK,PDF address block used fallback extraction/defaults. Please check shipper/destination once.; 13 detected order line(s) have zero quantity and will not create cartons unless edited.
W22/OF- BATCH 2 VESTE MOLESKINE V2 втора поръчка- .pdf,,La Veste Moleskine V2,13,13,0,1,1577,PELINTEX,SAS DAT / SYMPL,OK,1 positive order line(s) only have color totals in the PDF. Open the edit popup and fill size quantities before exporting real carton labels.
W22/OF-1184 PELINTEX - VESTE MOLESKINE V2 - BATCH 0+1.pdf,OF-1184,La Veste Moleskine V2,12,6,6,0,358,PELINTEX,SAS DAT / SYMPL,OK,6 detected order line(s) have zero quantity and will not create cartons unless edited.
W22/ORDER B10 V3 BATCH 0+1 - PELINTEX.pdf,,Le Blouson B10 V3,21,12,9,1,970,PELINTEX BULGARIA LTD,beige 75076 --> dernière,OK,PDF address block used fallback extraction/defaults. Please check shipper/destination once.; 9 detected order line(s) have zero quantity and will not create cartons unless edited.
W22/ORDER BATCH 0 AND 1 BLOUSON EN LAINE V1 - PELINTEX.pdf,,Le Blouson En Laine V1,13,9,4,1,1196,PELINTEX,SAS DAT / SYMPLZONE INDUSTRIELLE DE MOI,OK,4 detected order line(s) have zero quantity and will not create cartons unless edited.
W22/ORDER BATCH 0 AND 1 CABAN V3 - PELINTEX.pdf,,Le Caban V3,13,9,4,1,786,PELINTEX BULGARIA LTD,"10007,15",OK,PDF address block used fallback extraction/defaults. Please check shipper/destination once.; 4 detected order line(s) have zero quantity and will not create cartons unless edited.
W22/ORDER BATCH 2 BLOUSON B10 V3 - last.pdf,,Le Blouson B10 V3,17,17,0,1,1924,PELINTEX BULGARIA LTD,beige 75076 --> dernière,OK,PDF address block used fallback extraction/defaults. Please check shipper/destination once.; 1 positive order line(s) only have color totals in the PDF. Open the edit popup and fill size quantities before exporting real carton labels.
W22/ORDER BATCH 2 Blouson en laine V1 - PELINTEX.pdf,,Le Blouson En Laine V1,13,13,0,1,2240,PELINTEX BULGARIA LTD,vert militaire 17100 ( lab,OK,PDF address block used fallback extraction/defaults. Please check shipper/destination once.; 1 positive order line(s) only have color totals in the PDF. Open the edit popup and fill size quantities before exporting real carton labels.
W22/ORDER BATCH 2 CABAN V3 - PELINTEX.pdf,,Le Caban V3,13,13,0,1,1578,PELINTEX BULGARIA LTD,"17008,35",OK,PDF address block used fallback extraction/defaults. Please check shipper/destination once.; 1 positive order line(s) only have color totals in the PDF. Open the edit popup and fill size quantities before exporting real carton labels.
W22/ORDER BATCH 2 PARKA D'HIVER V3 - PELINTEX .pdf,,La Parka d'Hiver V3,21,16,5,1,2888,PELINTEX BULGARIA LTD,28092,OK,PDF address block used fallback extraction/defaults. Please check shipper/destination once.; 5 detected order line(s) have zero quantity and will not create cartons unless edited.
W22/ORDER PARKA D'HIVER V3 BATCH 3 - PELINTEX.pdf,,La Parka d'Hiver V3,21,21,0,1,4349,PELINTEX BULGARIA LTD,28092,OK,PDF address block used fallback extraction/defaults. Please check shipper/destination once.; 1 positive order line(s) only have color totals in the PDF. Open the edit popup and fill size quantities before exporting real carton labels.
W23/OF-1185 PELINTEX M65 v2 POP UP NOEL.pdf,OF-1185,La Veste M65 V2,3,3,0,1,468,PELINTEX BULGARIA LTD,SAS DAT / SYMPL,OK,1 positive order line(s) only have color totals in the PDF. Open the edit popup and fill size quantities before exporting real carton labels.
W23/OF-1355 PELINTEX Blouson d'Hiver B10 v1.pdf,OF-1355,Le Blouson d'Hiver V1,6,6,0,0,404,PELINTEX,SAS DAT / SYMPL,OK,
W23/OF-1361 PELINTEX  Parka d'hiver v1 POP UP NOEL.pdf,OF-1361,La Parka d'Hiver V1,7,7,0,1,678,PELINTEX BULGARIA LTD,SAS DAT / SYMPL,OK,1 positive order line(s) only have color totals in the PDF. Open the edit popup and fill size quantities before exporting real carton labels.
W23/OF-1362 PELINTEX Parka d'hiver LAINE .pdf,OF-1362,La Parka d'Hiver V4,4,2,2,0,170,PELINTEX,SAS DAT / SYMPL,OK,2 detected order line(s) have zero quantity and will not create cartons unless edited.
W23/OF-1362 PELINTEX Parka d'hiver LAINE b2.pdf,OF-1362,La Parka d'Hiver V4,3,3,0,0,505,PELINTEX,SAS DAT / SYMPL,OK,
W23/OF-1362 PELINTEX Parka d'hiver MOLESKINE b2-UP DATE 1611.pdf,OF-1362,La Parka d'Hiver V4,12,12,0,1,832,PELINTEX,SAS DAT / SYMPL,OK,1 positive order line(s) only have color totals in the PDF. Open the edit popup and fill size quantities before exporting real carton labels.
W23/OF-1362 PELINTEX Parka d'hiver MOLESKINE.pdf,OF-1362,La Parka d'Hiver V4,17,9,8,1,656,PELINTEX,SAS DAT / SYMPL,OK,8 detected order line(s) have zero quantity and will not create cartons unless edited.; 1 positive order line(s) only have color totals in the PDF. Open the edit popup and fill size quantities before exporting real carton labels.
W23/OF-1401 PELINTEX Veste Heritage v2 POP UP .pdf,OF-1401,La Veste Héritage V2,11,10,1,0,36,PELINTEX,SAS DAT / SYMPL,OK,1 detected order line(s) have zero quantity and will not create cartons unless edited.
W24/OF-1539 PELINTEX - Parka d'hiver v4 - POP UP Septembre 24.pdf,OF-1539,La Parka d'Hiver V4,5,2,3,0,504,PELINTEX,SAS DAT / SYMPL,OK,3 detected order line(s) have zero quantity and will not create cartons unless edited.
W24/OF-1573 PELINTEX- La Parka d'Hiver v1 .pdf,OF-1573,La Parka d'Hiver V1,6,6,0,0,914,PELINTEX,SAS DAT / SYMPL,OK,
W24/OF-1574 PELINTEX- Bel imper v1 F -AH24 - up date price.pdf,OF-1574,Le Bel Imper V1,9,6,3,0,17,PELINTEX,SAS DAT / SYMPL,OK,3 detected order line(s) have zero quantity and will not create cartons unless edited.
W24/OF-1575 PELINTEX- Veste en Moleskine v1 -AH24 update price.pdf,OF-1575,La Veste Moleskine V1,9,8,1,0,551,PELINTEX,SAS DAT / SYMPL,OK,1 detected order line(s) have zero quantity and will not create cartons unless edited.
W24/OF-1576 PELINTEX- Le Caban v1 -b0 b1.pdf,OF-1576,Le Caban V1,4,4,0,0,13,PELINTEX,SAS DAT / SYMPL,OK,
W24/OF-1577 PELINTEX - Parka d'Hiver v5 Laine & Moleskine.pdf,OF-1577,La Parka d'Hiver V5,8,8,0,0,925,PELINTEX,SAS DAT / SYMPL,OK,
W24/OF-1610 PELINTEX- Manteau Long v7 AH24.pdf,OF-1610,Le Manteau Long V7,6,6,0,0,660,PELINTEX,SAS DAT / SYMPL,OK,
W24/OF-1611 PELINTEX - Le Trench en laine v2 ( ex Manteau long v2).pdf,OF-1611,Le Trench en Laine V2,4,4,0,0,144,PELINTEX,SAS DAT / SYMPL,OK,
W24/OF-1806 PELINTEX - Parka d'hiver v5 Men - BATCH RETAIL 100 & STOCK 101.pdf,OF-1806,La Parka d'Hiver V5,8,4,4,0,522,PELINTEX,SAS DAT / SYMPL,OK,4 detected order line(s) have zero quantity and will not create cartons unless edited.
W24/OF-1812 PELINTEX - Parka d'hiver v1 - BATCH RETAIL 100 & STOCK 101.pdf,OF-1812,La Parka d'Hiver V1,6,4,2,0,236,PELINTEX,SAS DAT / SYMPL,OK,2 detected order line(s) have zero quantity and will not create cartons unless edited.
W24/_OF-1578 PELINTEX- Blouson B10 v4 - b0 b1 new.pdf,,Le Blouson B10 V4,6,6,0,0,800,PELINTEX,SAS DAT / SYMPL,OK,
W25/Bulk planning - Blouson Militaire v1- PELINTEX AH25.pdf,,Le Blouson Militaire V1,4,1,3,1,600,PELINTEX BULGARIA LTD,SAS DAT / SYMPL,OK,3 detected order line(s) have zero quantity and will not create cartons unless edited.; 1 positive order line(s) only have color totals in the PDF. Open the edit popup and fill size quantities before exporting real carton labels.
W25/Bulk planning - Manteau droit v2 ( women ) PELINTEX- AH25.pdf,,Le Manteau Droit V2,4,0,4,0,0,PELINTEX,SAS DAT / SYMPL,OK,All detected order lines have zero/to-be-confirmed quantities. Packing/label exports will contain no cartons until quantities are edited.
W25/Bulk planning - Parka Ventile PELINTEX v2 ( Women ) - AH25.pdf,,La Parka Ventile V2- Women,4,0,4,0,0,PELINTEX,SAS DAT / SYMPL,OK,All detected order lines have zero/to-be-confirmed quantities. Packing/label exports will contain no cartons until quantities are edited.
W25/Bulk planning - Parka Ventile v3 ( Men ) - PELINTEX - AH25.pdf,,La Parka Ventile V3 - Men,6,0,6,0,0,PELINTEX,SAS DAT / SYMPL,OK,All detected order lines have zero/to-be-confirmed quantities. Packing/label exports will contain no cartons until quantities are edited.
W25/Bulk planning - Parka d'Hiver v2 Women - PELINTEX AH25.pdf,,La Parka d'Hiver V2,4,0,4,0,0,PELINTEX BULGARIA LTD,SAS DAT / SYMPL,OK,All detected order lines have zero/to-be-confirmed quantities. Packing/label exports will contain no cartons until quantities are edited.
W25/Bulk planning - Parka d'hiver v6 men - PELINTEX AH25.pdf,,La Parka d'Hiver V6,10,1,9,1,850,PELINTEX BULGARIA LTD,SAS DAT / SYMPL,OK,9 detected order line(s) have zero quantity and will not create cartons unless edited.; 1 positive order line(s) only have color totals in the PDF. Open the edit popup and fill size quantities before exporting real carton labels.
W25/Bulk planning - Veste moleskine v2 - PELINTEX AH25 - up date 2_07.pdf,,La Veste Moleskine V2,7,1,6,1,400,PELINTEX,SAS DAT / SYMPL,OK,6 detected order line(s) have zero quantity and will not create cartons unless edited.; 1 positive order line(s) only have color totals in the PDF. Open the edit popup and fill size quantities before exporting real carton labels.
W25/OF-1855 PELINTEX - Veste moleskine v2 - B0+B1+B100 final UP DATE 409.pdf,OF-1855,La Veste Moleskine V2,6,5,1,0,529,PELINTEX,SAS DAT / SYMPL,OK,1 detected order line(s) have zero quantity and will not create cartons unless edited.
W25/OF-1856 PELINTEX - Parka d'Hiver v2 - B0 B1.pdf,OF-1856,La Parka d'Hiver V2,4,4,0,0,568,PELINTEX,SAS DAT / SYMPL,OK,
W25/OF-1857 PELINTEX - Parka d'hiver v6- B0 +B1 +B2.pdf,OF-1857,La Parka d'Hiver V6,8,8,0,1,1440,PELINTEX,SAS DAT / SYMPL,OK,1 positive order line(s) only have color totals in the PDF. Open the edit popup and fill size quantities before exporting real carton labels.
W25/OF-1858 PELINTEX - Blouson N1 v1 - batch 0 + 1.pdf,OF-1858,Le Blouson N1 V1,4,4,0,0,708,PELINTEX,LOGTEX,OK,
W25/OF-1886 PELINTEX- Manteau droit v2 - B0 B1 B100.pdf,OF-1886,Le Manteau Droit V2,6,4,2,0,192,PELINTEX,SAS DAT / SYMPL,OK,2 detected order line(s) have zero quantity and will not create cartons unless edited.
W25/OF-1947 PELINTEX - Parka Ventile v3 ( men ) - B0 + B1 + B100 + B101.pdf,OF-1947,La Parka Ventile V3,12,10,2,0,515,PELINTEX,LOGTEX,OK,2 detected order line(s) have zero quantity and will not create cartons unless edited.
W25/OF-1948 PELINTEX - Parka Ventile v2 Femme - B0 + B1 + B100 + B101.pdf,OF-1948,La Parka Ventile V2,8,8,0,0,344,PELINTEX,LOGTEX,OK,
W25/RE-ORDER 2026/Bulk planning - Parka d'Hiver v2 WOMEN -RETAIL & STOCK 26 - PELINTEX.pdf,,La Parka d'Hiver V2,5,3,2,1,454,PELINTEX,LOGTEX,OK,2 detected order line(s) have zero quantity and will not create cartons unless edited.; 1 positive order line(s) only have color totals in the PDF. Open the edit popup and fill size quantities before exporting real carton labels.
W25/RE-ORDER 2026/Bulk planning - Parka d'hiver v6 -MEN VERT MILITAIRE version- RETAIL & STOCK 26 -PELINTEX.pdf,,La Parka d'Hiver V6,7,3,4,1,395,PELINTEX,LOGTEX,OK,4 detected order line(s) have zero quantity and will not create cartons unless edited.; 1 positive order line(s) only have color totals in the PDF. Open the edit popup and fill size quantities before exporting real carton labels.
W25/RE-ORDER 2026/Bulk planning - Parka d'hiver v6 woolen navy version -MEN - RETAIL & STOCK 26- PELINTEX.pdf,,La Parka d'Hiver V5,9,3,6,1,479,PELINTEX,LOGTEX,OK,6 detected order line(s) have zero quantity and will not create cartons unless edited.; 1 positive order line(s) only have color totals in the PDF. Open the edit popup and fill size quantities before exporting real carton labels.
W26/Bulk planning - PELINTEX - Gilet Woolpure sans manches V1.pdf,,Le Gilet Woolpure Sans Manches V1,21,1,20,1,270,PELINTEX BULGARIA LTD,LOGTEX,OK,20 detected order line(s) have zero quantity and will not create cartons unless edited.; 1 positive order line(s) only have color totals in the PDF. Open the edit popup and fill size quantities before exporting real carton labels.
W26/Bulk planning - PELINTEX - La Veste Woolpure Boutonnée V1 MEN.pdf,,La Veste Woolpure Boutonnée V1 MEN,19,1,18,1,670,PELINTEX BULGARIA LTD,LOGTEX ZI du Cormier 5 150 rue Pierre-Gilles de Gennes,OK,PDF address block used fallback extraction/defaults. Please check shipper/destination once.; 18 detected order line(s) have zero quantity and will not create cartons unless edited.; 1 positive order line(s) only have color totals in the PDF. Open the edit popup and fill size quantities before exporting real carton labels.
W26/Bulk planning - PELINTEX - La Veste Woolpure Boutonnée V1 WOMEN.pdf,,La Veste Woolpure Boutonnée V1 WOMEN,19,1,18,1,1,PELINTEX BULGARIA LTD,LOGTEX ZI du Cormier 5 150 rue Pierre-Gilles de Gennes,OK,PDF address block used fallback extraction/defaults. Please check shipper/destination once.; 18 detected order line(s) have zero quantity and will not create cartons unless edited.; 1 positive order line(s) only have color totals in the PDF. Open the edit popup and fill size quantities before exporting real carton labels.
W26/Bulk planning - PELINTEX - Le Manteau Balmacaan V1 MAN.pdf,OF-2218,Le Manteau Balmacaan V1 MEN,4,0,4,0,0,PELINTEX BULGARIA LTD,LOGTEX,OK,All detected order lines have zero/to-be-confirmed quantities. Packing/label exports will contain no cartons until quantities are edited.
W26/Bulk planning - PELINTEX - Le Manteau Long Croisé en Laine et Cachemire V1 MAN.pdf,OF-2214,Le Manteau Long Croisé en Laine et Cachemire V1,4,0,4,0,0,PELINTEX BULGARIA LTD,LOGTEX,OK,All detected order lines have zero/to-be-confirmed quantities. Packing/label exports will contain no cartons until quantities are edited.
W26/Bulk planning- PELINTEX - La Parka Woolpure V1 MAN.pdf,OF-2217,La Parka Woolpure V1,12,0,12,0,0,PELINTEX,LOGTEX,OK,All detected order lines have zero/to-be-confirmed quantities. Packing/label exports will contain no cartons until quantities are edited.
W26/Bulk planning- PELINTEX - La Parka Woolpure V1 WOMAN.pdf,OF-2216,La Parka Woolpure V1 WOMAN,12,0,12,0,0,PELINTEX,LOGTEX,OK,All detected order lines have zero/to-be-confirmed quantities. Packing/label exports will contain no cartons until quantities are edited.
W26/OF-2219 - PELINTEX - Le Manteau Long Croisé V1 - planning resa.pdf,OF-2219,Le Manteau Long Croisé V1,4,0,4,0,0,PELINTEX,LOGTEX,OK,All detected order lines have zero/to-be-confirmed quantities. Packing/label exports will contain no cartons until quantities are edited.
W26/Planning de production - Le Blouson B10 V6 PELINTEX.pdf,OF-2188,Le Blouson B10 V6,9,0,9,0,0,PELINTEX,LOGTEX,OK,All detected order lines have zero/to-be-confirmed quantities. Packing/label exports will contain no cartons until quantities are edited.
W26/_OF-2189 - PELINTEX - Le Manteau Court en Laine V1 - template (1).pdf,OF-2189,Le Manteau Court en Laine V1,4,0,4,0,0,PELINTEX,LOGTEX,OK,All detected order lines have zero/to-be-confirmed quantities. Packing/label exports will contain no cartons until quantities are edited.
